路線コード,路線名,事業者
L0001,10号線新宿線,東京都営
L0002,11号線半蔵門線,東京メトロ
L0003,12号線大江戸線,東京都営
L0004,13号線副都心線,東京メトロ
L0005,1号線,千葉都市モノレール
L0006,1号線,横浜市営
L0007,1号線(御堂筋線),Osaka Metro
L0008,1号線(空港線),福岡市営
L0009,1号線東山線,名古屋市営
L0010,1号線浅草線,東京都営
L0011,1条線,一般社団法人札幌市交通事業振興公社
L0012,2号線,千葉都市モノレール
L0013,2号線(箱崎線),福岡市営
L0014,2号線(谷町線),Osaka Metro
L0015,2号線名城線,名古屋市営
L0016,2号線名港線,名古屋市営
L0017,2号線日比谷線,東京メトロ
L0018,3号線,横浜市営
L0019,3号線(七隈線),福岡市営
L0020,3号線(四つ橋線),Osaka Metro
L0021,3号線銀座線,東京メトロ
L0022,3号線鶴舞線,名古屋市営
L0023,4号線,横浜市営
L0024,4号線(中央線),Osaka Metro
L0025,4号線丸ノ内線,東京メトロ
L0026,4号線丸ノ内線分岐線,東京メトロ
L0027,4号線名城線,名古屋市営
L0028,5号線(千日前線),Osaka Metro
L0029,5号線東西線,東京メトロ
L0030,6号線(堺筋線),Osaka Metro
L0031,6号線三田線,東京都営
L0032,6号線桜通線,名古屋市営
L0033,7号線(長堀鶴見緑地線),Osaka Metro
L0034,7号線南北線,東京メトロ
L0035,8号線(今里筋線),Osaka Metro
L0036,8号線有楽町線,東京メトロ
L0037,9号線千代田線,東京メトロ
L0038,IRいしかわ鉄道線,IRいしかわ鉄道
L0039,JR東西線,JR西日本
L0040,あいの風とやま鉄道線,あいの風とやま鉄道
L0041,いすみ線,いすみ鉄道
L0042,いわて銀河鉄道線,アイジーアールいわて銀河鉄道
L0043,えちぜん鉄道,三国芦原線
L0044,おおさか東線,JR西日本
L0045,けいはんな線,近畿日本鉄道
L0046,こどもの国線,東急電鉄
L0047,しなの鉄道線,しなの鉄道
L0048,ほくほく線,北越急行
L0049,みなとみらい21線,横浜高速鉄道
L0050,わたらせ渓谷線,わたらせ渓谷鐵道
L0051,ガイドウェイバス志段味線,名古屋ガイドウェイバス
L0052,ケーブルカー,御岳登山鉄道
L0053,ディズニーリゾートライン,舞浜リゾートライン
L0054,ハピラインふくい線,ハピラインふくい
L0055,フラワー長井線,山形鉄道
L0056,ポートアイランド線,神戸新交通
L0057,ユーカリが丘線,山万
L0058,リアス線,三陸鉄道
L0059,七尾線,JR西日本
L0060,七尾線,のと鉄道
L0061,三国芦原線,えちぜん鉄道
L0062,三岐線,三岐鉄道
L0063,三河線,名古屋鉄道
L0064,三田線,神戸電鉄
L0065,三角線,JR九州
L0066,上信線,上信電鉄
L0067,上毛線,上毛電気鉄道
L0068,上滝線,富山地方鉄道
L0069,上熊本線,熊本市
L0070,上町線,阪堺電気軌道
L0071,上越新幹線,JR東日本
L0072,上越線,JR東日本
L0073,上飯田線,名古屋市営
L0074,上高地線,アルピコ交通
L0075,不二越線,富山地方鉄道
L0076,世田谷線,東急電鉄
L0077,両毛線,JR東日本
L0078,中之島線,京阪電気鉄道
L0079,中央線,JR東日本
L0080,中央線,JR東海
L0081,中村線,土佐くろしお鉄道
L0082,久大線,JR九州
L0083,久留里線,JR東日本
L0084,久里浜線,京浜急行電鉄
L0085,九州新幹線,JR九州
L0086,亀戸線,東武鉄道
L0087,予土線,JR四国
L0088,予讃線,JR四国
L0089,五日市線,JR東日本
L0090,五能線,JR東日本
L0091,井の頭線,京王電鉄
L0092,井原線,井原鉄道
L0093,井川線,大井川鐵道
L0094,交野線,京阪電気鉄道
L0095,京津線,京阪電気鉄道
L0096,京王線,京王電鉄
L0097,京葉線,JR東日本
L0098,京都線,近畿日本鉄道
L0099,京都線,阪急電鉄
L0100,京阪本線,京阪電気鉄道
L0101,今津線,阪急電鉄
L0102,仙台空港線,仙台空港鉄道
L0103,仙山線,JR東日本
L0104,仙石線,JR東日本
L0105,伊丹線,阪急電鉄
L0106,伊勢崎線,東武鉄道
L0107,伊勢線,伊勢鉄道
L0108,伊奈線,埼玉新都市交通
L0109,伊東線,JR東日本
L0110,伊田線,平成筑豊鉄道
L0111,伊豆急行線,伊豆急行
L0112,伊賀線,伊賀鉄道
L0113,伊野線,とさでん交通
L0114,会津線,会津鉄道
L0115,会津鬼怒川線,野岩鉄道
L0116,伯備線,JR西日本
L0117,佐世保線,JR九州
L0118,佐野線,東武鉄道
L0119,信楽線,信楽高原鐵道
L0120,信貴線,近畿日本鉄道
L0121,信越線,JR東日本
L0122,健軍線,熊本市
L0123,八戸線,JR東日本
L0124,八日市線,近江鉄道
L0125,八栗ケーブル,四国ケーブル
L0126,八王子線,四日市あすなろう鉄道
L0127,八高線,JR東日本
L0128,公園都市線,神戸電鉄
L0129,六甲アイランド線,神戸新交通
L0130,六甲ケーブル線,神戸六甲鉄道
L0131,内子線,JR四国
L0132,内房線,JR東日本
L0133,内部線,四日市あすなろう鉄道
L0134,函館線,JR北海道
L0135,別府ラクテンチケーブル線,ラクテンチ
L0136,別所線,上田電鉄
L0137,加古川線,JR西日本
L0138,加太線,南海電気鉄道
L0139,動物園線,京王電鉄
L0140,勝山永平寺線,えちぜん鉄道
L0141,北しなの線,しなの鉄道
L0142,北リアス線,三陸鉄道
L0143,北上線,JR東日本
L0144,北勢線,三岐鉄道
L0145,北条線,北条鉄道
L0146,北松江線,一畑電車
L0147,北海道新幹線,JR北海道
L0148,北神線,神戸市営
L0149,北総線,北総鉄道
L0150,北野線,京福電気鉄道
L0151,北陸新幹線,JR東日本
L0152,北陸新幹線,JR西日本
L0153,北陸線,JR西日本
L0154,十国鋼索線,十国峠
L0155,千原線,京成電鉄
L0156,千歳線,JR北海道
L0157,千葉線,京成電鉄
L0158,千里線,阪急電鉄
L0159,南リアス線,三陸鉄道
L0160,南北線,仙台市営
L0161,南北線,北大阪急行電鉄
L0162,南北線,札幌市営
L0163,南大阪線,近畿日本鉄道
L0164,南武線,JR東日本
L0165,南海本線,南海電気鉄道
L0166,南港ポートタウン線,Osaka Metro
L0167,博多南線,JR西日本
L0168,参宮線,JR東海
L0169,叡山本線,叡山電鉄
L0170,只見線,JR東日本
L0171,可部線,JR西日本
L0172,各務原線,名古屋鉄道
L0173,吉備線,JR西日本
L0174,吉都線,JR九州
L0175,吉野線,近畿日本鉄道
L0176,名古屋本線,名古屋鉄道
L0177,名古屋線,近畿日本鉄道
L0178,名松線,JR東海
L0179,吾妻線,JR東日本
L0180,呉線,JR西日本
L0181,呉羽線,富山地方鉄道
L0182,和歌山港線,南海電気鉄道
L0183,和歌山線,JR西日本
L0184,唐津線,JR九州
L0185,唐湊線,鹿児島市
L0186,因美線,JR西日本
L0187,国分寺線,西武鉄道
L0188,国際文化公園都市モノレール線(彩都線),大阪モノレール
L0189,土讃線,JR四国
L0190,城北線,JR東海交通事業
L0191,城北線,伊予鉄道
L0192,城南線,伊予鉄道
L0193,城端線,JR西日本
L0194,埼玉高速鉄道線,埼玉高速鉄道
L0195,境線,JR西日本
L0196,外房線,JR東日本
L0197,多奈川線,南海電気鉄道
L0198,多摩川線,西武鉄道
L0199,多摩湖線,西武鉄道
L0200,多摩線,小田急電鉄
L0201,多摩都市モノレール線,多摩都市モノレール
L0202,多賀線,近江鉄道
L0203,大井川本線,大井川鐵道
L0204,大井町線,東急電鉄
L0205,大山鋼索線,大山観光電鉄
L0206,大師線,京浜急行電鉄
L0207,大師線,東武鉄道
L0208,大手町線,伊予鉄道
L0209,大月線,富士山麓電気鉄道
L0210,大村線,JR九州
L0211,大森線,函館市
L0212,大洗鹿島線,鹿島臨海鉄道
L0213,大浦支線,長崎電気軌道
L0214,大湊線,JR東日本
L0215,大社線,一畑電車
L0216,大糸線,JR東日本
L0217,大糸線,JR西日本
L0218,大船渡線,JR東日本
L0219,大阪モノレール線,大阪モノレール
L0220,大阪環状線,JR西日本
L0221,大阪線,近畿日本鉄道
L0222,大雄山線,伊豆箱根鉄道
L0223,大鰐線,弘南鉄道
L0224,天橋立鋼索鉄道,丹後海陸交通
L0225,天理線,近畿日本鉄道
L0226,天神大牟田線,西日本鉄道
L0227,天竜浜名湖線,天竜浜名湖鉄道
L0228,太多線,JR東海
L0229,太宰府線,西日本鉄道
L0230,奈良線,JR西日本
L0231,奈良線,近畿日本鉄道
L0232,奥羽線,JR東日本
L0233,妙見線,能勢電鉄
L0234,妙高はねうまライン,えちごトキめき鉄道
L0235,姫新線,JR西日本
L0236,宇品線,広島電鉄
L0237,宇治線,京阪電気鉄道
L0238,宇部線,JR西日本
L0239,宇都宮線,東武鉄道
L0240,宇都宮芳賀ライトレール線,宇都宮ライトレール
L0241,宇野線,JR西日本
L0242,安野屋線,富山地方鉄道
L0243,宗谷線,JR北海道
L0244,宝塚線,阪急電鉄
L0245,宝来・谷地頭線,函館市
L0246,室蘭線,JR北海道
L0247,宮島線,広島電鉄
L0248,宮崎空港線,JR九州
L0249,宮津線,WILLER　TRAINS
L0250,宮福線,WILLER　TRAINS
L0251,宿毛線,土佐くろしお鉄道
L0252,富山港線,富山地方鉄道
L0253,富山都心線,富山地方鉄道
L0254,富山駅南北接続線,富山地方鉄道
L0255,富良野線,JR北海道
L0256,小倉線,北九州高速鉄道
L0257,小泉線,東武鉄道
L0258,小浜線,JR西日本
L0259,小海線,JR東日本
L0260,小湊鐵道線,小湊鐵道
L0261,小牧線,名古屋鉄道
L0262,小田原線,小田急電鉄
L0263,小野田線,JR西日本
L0264,尾西線,名古屋鉄道
L0265,山口線,JR西日本
L0266,山口線,西武鉄道
L0267,山手線,JR東日本
L0268,山手線,神戸市営
L0269,山田線,JR東日本
L0270,山田線,近畿日本鉄道
L0271,山陰線,JR西日本
L0272,山陽新幹線,JR西日本
L0273,山陽線,JR九州
L0274,山陽線,JR西日本
L0275,山鼻線,一般社団法人札幌市交通事業振興公社
L0276,山鼻西線,一般社団法人札幌市交通事業振興公社
L0277,岩徳線,JR西日本
L0278,岳南鉄道線,岳南電車
L0279,島原鉄道線,島原鉄道
L0280,嵐山本線,京福電気鉄道
L0281,嵐山線,阪急電鉄
L0282,嵯峨野観光線,嵯峨野観光鉄道
L0283,川越線,JR東日本
L0284,左沢線,JR東日本
L0285,帆柱ケーブル線,皿倉登山鉄道
L0286,常滑線,名古屋鉄道
L0287,常磐新線,首都圏新都市鉄道
L0288,常磐線,JR東日本
L0289,常総線,関東鉄道
L0290,幹線,熊本市
L0291,広島新交通1号線,広島高速交通
L0292,広見線,名古屋鉄道
L0293,弘南線,弘南鉄道
L0294,弥彦線,JR東日本
L0295,後免線,とさでん交通
L0296,後藤寺線,JR九州
L0297,御所線,近畿日本鉄道
L0298,御殿場線,JR東海
L0299,徳島線,JR四国
L0300,志度線,高松琴平電気鉄道
L0301,志摩線,近畿日本鉄道
L0302,愛知環状鉄道線,愛知環状鉄道
L0303,成田空港線,京成電鉄
L0304,成田線,JR東日本
L0305,押上線,京成電鉄
L0306,拝島線,西武鉄道
L0307,指宿枕崎線,JR九州
L0308,摩耶ケーブル線,こうべ未来都市機構
L0309,播但線,JR西日本
L0310,支線,富山地方鉄道
L0311,新宿線,西武鉄道
L0312,新湊港線,万葉線
L0313,日光線,JR東日本
L0314,日光線,東武鉄道
L0315,日南線,JR九州
L0316,日暮里・舎人ライナー,東京都営
L0317,日本海ひすいライン,えちごトキめき鉄道
L0318,日生線,能勢電鉄
L0319,日田彦山線,JR九州
L0320,日豊線,JR九州
L0321,日高線,JR北海道
L0322,明知線,明知鉄道
L0323,智頭線,智頭急行
L0324,有馬線,神戸電鉄
L0325,木次線,JR西日本
L0326,本四備讃線,JR四国
L0327,本四備讃線,JR西日本
L0328,本町線,伊予鉄道
L0329,本線,京成電鉄
L0330,本線,京浜急行電鉄
L0331,本線,函館市
L0332,本線,富山地方鉄道
L0333,本線,山陽電気鉄道
L0334,本線,広島電鉄
L0335,本線,近江鉄道
L0336,本線,長崎電気軌道
L0337,本線,阪神電気鉄道
L0338,本線,黒部峡谷鉄道
L0339,札沼線,JR北海道
L0340,東上本線,東武鉄道
L0341,東京モノレール羽田空港線,東京モノレール
L0342,東京臨海新交通臨海線,ゆりかもめ
L0343,東北新幹線,JR東日本
L0344,東北線,JR東日本
L0345,東山本線,岡山電気軌道
L0346,東急多摩川線,東急電鉄
L0347,東急新横浜線,東急電鉄
L0348,東成田線,京成電鉄
L0349,東横線,東急電鉄
L0350,東海道新幹線,JR東海
L0351,東海道線,JR東日本
L0352,東海道線,JR東海
L0353,東海道線,JR西日本
L0354,東田本線,豊橋鉄道
L0355,東葉高速線,東葉高速鉄道
L0356,東西線,京都市営
L0357,東西線,仙台市営
L0358,東西線,札幌市営
L0359,東豊線,札幌市営
L0360,東部丘陵線,愛知高速交通
L0361,東金線,JR東日本
L0362,松戸線,京成電鉄
L0363,根室線,JR北海道
L0364,根岸線,JR東日本
L0365,桐生線,東武鉄道
L0366,桜井線,JR西日本
L0367,桜島線,JR西日本
L0368,桜町支線,長崎電気軌道
L0369,桟橋線,とさでん交通
L0370,横川線,広島電鉄
L0371,横河原線,伊予鉄道
L0372,横浜線,JR東日本
L0373,横須賀線,JR東日本
L0374,樽見線,樽見鉄道
L0375,橿原線,近畿日本鉄道
L0376,武庫川線,阪神電気鉄道
L0377,武蔵野線,JR東日本
L0378,武豊線,JR東海
L0379,比叡山鉄道線,比叡山鉄道
L0380,気仙沼線,JR東日本
L0381,水前寺線,熊本市
L0382,水島本線,水島臨海鉄道
L0383,水戸線,JR東日本
L0384,水郡線,JR東日本
L0385,水間線,水間鉄道
L0386,氷見線,JR西日本
L0387,江の島線,湘南モノレール
L0388,江ノ島線,小田急電鉄
L0389,江ノ島電鉄線,江ノ島電鉄
L0390,江波線,広島電鉄
L0391,池上線,東急電鉄
L0392,池袋線,西武鉄道
L0393,沖縄都市モノレール線,沖縄都市モノレール
L0394,河口湖線,富士山麓電気鉄道
L0395,河和線,名古屋鉄道
L0396,泉北線,南海電気鉄道
L0397,津山線,JR西日本
L0398,津島線,名古屋鉄道
L0399,津軽線,JR東日本
L0400,津軽鉄道線,津軽鉄道
L0401,流山線,流鉄
L0402,浅野川線,北陸鉄道
L0403,海岸線,神戸市営
L0404,海峡線,JR北海道
L0405,清輝橋線,岡山電気軌道
L0406,渥美線,豊橋鉄道
L0407,湊線,ひたちなか海浜鉄道
L0408,湖西線,JR西日本
L0409,湯の山線,近畿日本鉄道
L0410,湯の川線,函館市
L0411,湯前線,くま川鉄道
L0412,瀬戸線,名古屋鉄道
L0413,烏丸線,京都市営
L0414,烏山線,JR東日本
L0415,片町線,JR西日本
L0416,牟岐線,JR四国
L0417,犬山線,名古屋鉄道
L0418,狭山線,西武鉄道
L0419,琴平線,高松琴平電気鉄道
L0420,甘木線,甘木鉄道
L0421,甘木線,西日本鉄道
L0422,生駒線,近畿日本鉄道
L0423,生駒鋼索線,近畿日本鉄道
L0424,田原本線,近畿日本鉄道
L0425,田園都市線,東急電鉄
L0426,田崎線,熊本市
L0427,田川線,平成筑豊鉄道
L0428,田沢湖線,JR東日本
L0429,甲陽線,阪急電鉄
L0430,男鹿線,JR東日本
L0431,留萌線,JR北海道
L0432,白島線,広島電鉄
L0433,白新線,JR東日本
L0434,皆実線,広島電鉄
L0435,目黒線,東急電鉄
L0436,相模原線,京王電鉄
L0437,相模線,JR東日本
L0438,相鉄いずみ野線,相模鉄道
L0439,相鉄新横浜線,相模鉄道
L0440,相鉄本線,相模鉄道
L0441,真岡線,真岡鐵道
L0442,知多新線,名古屋鉄道
L0443,石勝線,JR北海道
L0444,石北線,JR北海道
L0445,石山坂本線,京阪電気鉄道
L0446,石川線,北陸鉄道
L0447,石巻線,JR東日本
L0448,磐越東線,JR東日本
L0449,磐越西線,JR東日本
L0450,神戸線,阪急電鉄
L0451,神戸高速線,神戸電鉄
L0452,神戸高速線,阪急電鉄
L0453,神戸高速線,阪神電気鉄道
L0454,福塩線,JR西日本
L0455,福武線,福井鉄道
L0456,福知山線,JR西日本
L0457,秋田内陸線,秋田内陸縦貫鉄道
L0458,秩父本線,秩父鉄道
L0459,空港線,京浜急行電鉄
L0460,空港線,南海電気鉄道
L0461,空港線,名古屋鉄道
L0462,立山線,富山地方鉄道
L0463,竜ヶ崎線,関東鉄道
L0464,競馬場線,京王電鉄
L0465,竹鼻線,名古屋鉄道
L0466,第一期線,鹿児島市
L0467,第二期線,鹿児島市
L0468,筑波山鋼索鉄道線,筑波観光鉄道
L0469,筑肥線,JR九州
L0470,筑豊線,JR九州
L0471,筑豊電気鉄道線,筑豊電気鉄道
L0472,箕面線,阪急電鉄
L0473,築港線,名古屋鉄道
L0474,篠ノ井線,JR東日本
L0475,篠栗線,JR九州
L0476,米坂線,JR東日本
L0477,粟生線,神戸電鉄
L0478,糸田線,平成筑豊鉄道
L0479,紀勢線,JR東海
L0480,紀勢線,JR西日本
L0481,紀州鉄道線,紀州鉄道
L0482,網干線,山陽電気鉄道
L0483,総武線,JR東日本
L0484,美祢線,JR西日本
L0485,羽島線,名古屋鉄道
L0486,羽越線,JR東日本
L0487,肥薩おれんじ鉄道線,肥薩おれんじ鉄道
L0488,肥薩線,JR九州
L0489,臨海副都心線,東京臨海高速鉄道
L0490,舞鶴線,JR西日本
L0491,芝山鉄道線,芝山鉄道
L0492,花園線,伊予鉄道
L0493,花輪線,JR東日本
L0494,芸備線,JR西日本
L0495,若桜線,若桜鉄道
L0496,草津線,JR西日本
L0497,荒川線,東京都営
L0498,菊池線,熊本電気鉄道
L0499,蒲郡線,名古屋鉄道
L0500,藤崎線,熊本電気鉄道
L0501,蛍茶屋支線,長崎電気軌道
L0502,西九州新幹線,JR九州
L0503,西九州線,松浦鉄道
L0504,西信貴鋼索線,近畿日本鉄道
L0505,西名古屋港線,名古屋臨海高速鉄道
L0506,西尾線,名古屋鉄道
L0507,西武園線,西武鉄道
L0508,西武有楽町線,西武鉄道
L0509,西武秩父線,西武鉄道
L0510,西神延伸線,神戸市営
L0511,西神線,神戸市営
L0512,谷山線,鹿児島市
L0513,豊島線,西武鉄道
L0514,豊川線,名古屋鉄道
L0515,豊田線,名古屋鉄道
L0516,豊肥線,JR九州
L0517,貝塚線,西日本鉄道
L0518,貴志川線,和歌山電鐵
L0519,赤穂線,JR西日本
L0520,赤羽線,JR東日本
L0521,赤迫支線,長崎電気軌道
L0522,越後線,JR東日本
L0523,越生線,東武鉄道
L0524,越美北線,JR西日本
L0525,越美南線,長良川鉄道
L0526,身延線,JR東海
L0527,近鉄連絡線,三岐鉄道
L0528,逗子線,京浜急行電鉄
L0529,連絡線,伊予鉄道
L0530,道南いさりび鉄道線,道南いさりび鉄道
L0531,道明寺線,近畿日本鉄道
L0532,郡中線,伊予鉄道
L0533,都心線,一般社団法人札幌市交通事業振興公社
L0534,野田線,東武鉄道
L0535,金沢シーサイドライン,横浜シーサイドライン
L0536,金町線,京成電鉄
L0537,釜石線,JR東日本
L0538,釧網線,JR北海道
L0539,鈴鹿線,近畿日本鉄道
L0540,鉄道線,小田急箱根
L0541,鉄道線,遠州鉄道
L0542,銚子電気鉄道線,銚子電気鉄道
L0543,鋼索線,京福電気鉄道
L0544,鋼索線,京阪電気鉄道
L0545,鋼索線,南海電気鉄道
L0546,鋼索線,小田急箱根
L0547,鋼索線,立山黒部貫光
L0548,錦川清流線,錦川鉄道
L0549,長尾線,高松琴平電気鉄道
L0550,長崎線,JR九州
L0551,長野線,近畿日本鉄道
L0552,長野線,長野電鉄
L0553,門司港レトロ観光線,平成筑豊鉄道
L0554,関西空港線,JR西日本
L0555,関西線,JR東海
L0556,関西線,JR西日本
L0557,阪和線,JR西日本
L0558,阪堺線,阪堺電気軌道
L0559,阪神なんば線,阪神電気鉄道
L0560,阿佐東線,阿佐海岸鉄道
L0561,阿佐線,土佐くろしお鉄道
L0562,阿武隈急行線,阿武隈急行
L0563,陸羽東線,JR東日本
L0564,陸羽西線,JR東日本
L0565,難波線,近畿日本鉄道
L0566,青い森鉄道線,青い森鉄道
L0567,青函トンネル竜飛斜坑線,一般財団法人青函トンネル記念館
L0568,青梅線,JR東日本
L0569,静岡清水線,静岡鉄道
L0570,鞍馬山鋼索鉄道,鞍馬寺
L0571,鞍馬線,叡山電鉄
L0572,飯坂線,福島交通
L0573,飯山線,JR東日本
L0574,飯田線,JR東海
L0575,養老線,養老鉄道
L0576,香椎線,JR九州
L0577,駅前線,とさでん交通
L0578,駿豆線,伊豆箱根鉄道
L0579,高尾線,京王電鉄
L0580,高尾鋼索線,高尾登山電鉄
L0581,高山線,JR東海
L0582,高山線,JR西日本
L0583,高岡軌道線,万葉線
L0584,高崎線,JR東日本
L0585,高師浜線,南海電気鉄道
L0586,高徳線,JR四国
L0587,高森線,南阿蘇鉄道
L0588,高浜線,伊予鉄道
L0589,高野線,南海電気鉄道
L0590,鬼怒川線,東武鉄道
L0591,鳥海山ろく線,由利高原鉄道
L0592,鳥羽線,近畿日本鉄道
L0593,鳴門線,JR四国
L0594,鴨東線,京阪電気鉄道
L0595,鶴見線,JR東日本
L0596,鹿児島線,JR九州
L0597,鹿島線,JR東日本
